"コード","銘柄名","市場","現在値","前日比(%)","株価騰落【率】(%)","日中売買代金(千円)","株価移動平均線乖離率(%)","株価移動平均線乖離率(%)","年初来安値からの上昇率(%)","出来高増加率(倍)","過去60日ボラティリティ(%)","ゴールデンクロス","ボリンジャーバンド","RSI(%)"
"1301","極洋","東P","4705","-10.0(-0.21%)","-0.21","49,944","-0.02","0.05","12.97","0.39","14.95","◯","0.04","54.88"
"1364","ｉシェアーズ　ＪＰＸ日経４００","東ETF","3784.0","-5.0(-0.13%)","-0.13","3,150","0.34","0.45","18.55","0.21","15.91","◯","0.45","63.16"
"143A","イシン","東G","703","-4.0(-0.57%)","-0.57","993","-0.26","-0.26","13.20","4.67","26.33","◯","-0.17","51.06"
"1474","ＤＩＡＭ　ＪＰＸ日経４００","東ETF","37410.0","-20.0(-0.05%)","-0.05","188","0.45","0.55","18.20","0.16","17.18","◯","0.55","67.11"
"1550","ＭＸＳ外株（ＭＳＣＩコクサイ）","東ETF","8075.0","-8.0(-0.10%)","-0.10","30,178","0.33","0.50","17.57","0.49","10.33","◯","0.30","73.91"
"1557","ＳＳ　Ｓ＆Ｐ　５００　ＥＴＦ","東ETF","121300.0","-300.0(-0.25%)","-0.25","114,315","0.63","0.71","20.58","1.01","11.16","◯","0.47","54.70"
"1559","ＮＦタイ株式ＳＥＴ５０指数","東ETF","4758.0","+9.0(+0.19%)","0.19","405","0.58","0.69","24.39","0.13","12.96","◯","0.50","61.29"
"1585","ｉＦＴＰＸ　Ｅｘ−Ｆｉｎ","東ETF","2682.0","+10.0(+0.37%)","0.37","81","1.23","1.52","17.25","0.20","16.79","◯","1.41","63.09"
"1591","ＮＦ　ＪＰＸ日経４００連動型","東ETF","37120.0","-60.0(-0.16%)","-0.16","24,070","0.44","0.47","18.82","1.01","17.52","◯","0.48","61.29"
"1592","上場ＪＰＸ日経４００","東ETF","3402.0","-1.0(-0.03%)","-0.03","777","0.50","0.54","18.62","0.03","17.57","◯","0.57","63.64"
"1593","ＭＡＸＩＳ　ＪＰＸ日経４００","東ETF","38010.0","+10.0(+0.03%)","0.03","17,565","0.43","0.48","18.19","0.22","15.98","◯","0.45","68.26"
"160A","アズパートナーズ","東S","2001","+0.0(+0.00%)","0.00","26,762","0.82","1.20","6.44","1.40","19.19","◯","0.79","63.43"
"1615","ＮＦ銀行業指数投信","東ETF","790.0","+9.3(+1.19%)","1.19","1,734,315","2.71","2.79","47.94","0.49","28.03","◯","1.83","61.24"
"1620","ＮＦ素材・化学ＴＰＸ１７","東ETF","36750.0","-130.0(-0.35%)","-0.35","6,656","0.29","0.43","16.85","0.22","19.12","◯","0.25","61.56"
"1624","ＮＦ機械ＴＰＸ１７","東ETF","83900.0","+100.0(+0.12%)","0.12","9,036","1.23","1.38","14.15","0.72","30.38","◯","0.66","67.39"
"162A","ＡＩセレクトメガトレンドＥＴＮ","東ETF","17090.0","-15.0(-0.09%)","-0.09","771","1.45","1.85","31.66","0.06","28.71","◯","0.96","61.75"
"1631","ＮＦ銀行ＴＰＸ１７","東ETF","42650.0","+550.0(+1.31%)","1.31","110,575","2.49","2.55","49.57","0.19","27.63","◯","1.66","58.56"
"163A","半導体フォーカス日本株ＥＴＮ","東ETF","19605.0","-5.0(-0.03%)","-0.03","31,932","2.53","3.73","54.01","0.18","52.96","◯","1.44","61.27"
"1680","上場ＭＳＣＩ―ＫＯＫＵＳＡＩ","東ETF","8304.0","+13.0(+0.16%)","0.16","12,757","0.40","0.52","18.59","0.25","10.89","◯","0.30","68.84"
"1686","ＷＴ　産業用金属","東ETF","3109.0","+44.0(+1.44%)","1.44","187","1.05","1.28","21.92","1.50","27.22","◯","1.07","52.85"
"1693","ＷＴ　銅","東ETF","8938.0","-119.0(-1.31%)","-1.31","64,922","0.20","0.60","23.10","0.94","23.33","◯","0.25","53.97"
"181A","ＭＸＳ米国国債１−３ヘッジなし","東ETF","523.5","-3.1(-0.59%)","-0.59","10","0.06","0.08","2.41","0.00","8.83","◯","0.06","80.56"
"1976","明星工業","東P","1748","+28.0(+1.63%)","1.63","138,256","1.08","1.15","7.83","0.95","29.80","◯","0.80","63.13"
"2012","ｉＳ　米国債０−３ヶ月","東ETF","240.5","-0.8(-0.33%)","-0.33","65,086","0.23","0.52","9.82","3.67","9.82","◯","0.38","53.16"
"2017","ｉＦ　ＪＰＸプライム１５０","東ETF","1537.0","+1.0(+0.07%)","0.07","5,076","0.75","0.82","20.08","0.68","18.38","◯","0.90","51.26"
"2086","ＮＺＡＭ　Ｓ＆Ｐ５００有","東ETF","3069.0","-21.0(-0.68%)","-0.68","34","0.43","0.54","20.16","11.00","10.07","◯","0.91","50.00"
"2136","ヒップ","東S","1432","+5.0(+0.35%)","0.35","1,713","0.82","0.95","6.87","2.40","18.67","◯","1.28","57.63"
"2137","光ハイツ・ヴェラス","札A","757","+37.0(+5.14%)","5.14","151","4.36","4.98","14.18","0.67","12.33","◯","4.73","82.46"
"2207","ｍｅｉｔｏ","東P","3595","+120.0(+3.45%)","3.45","244,181","3.27","3.39","48.55","0.47","27.14","◯","1.82","58.06"
"2349","エヌアイデイ","東S","2502","-9.0(-0.36%)","-0.36","9,271","-0.02","0.31","10.76","0.52","21.02","◯","0.20","57.39"
"2445","タカミヤ","東S","402","+1.0(+0.25%)","0.25","12,671","-0.20","-0.07","10.14","0.83","15.36","◯","-0.03","59.38"
"2467","ＶＬＣセキュリティ","名N","184","+2.0(+1.10%)","1.10","5,487","3.14","4.03","27.78","0.71","40.01","◯","1.84","62.96"
"2513","ＮＦ外国株式ヘッジなし","東ETF","3564.0","-13.0(-0.36%)","-0.36","140,125","0.19","0.26","18.01","4.50","10.99","◯","0.13","74.53"
"2521","上場米国株式為替ヘッジあり","東ETF","2175.0","+20.0(+0.93%)","0.93","4,151","0.50","0.52","20.83","0.43","12.58","◯","0.99","54.44"
"2559","ＭＡＸＩＳ全世界株式","東ETF","2971.0","-6.0(-0.20%)","-0.20","910,113","0.28","0.43","5.06","1.26","10.54","◯","0.28","67.15"
"2563","ｉＳＳＰ５百米株ヘジ","東ETF","406.2","-0.4(-0.10%)","-0.10","125,635","0.34","0.44","20.36","1.63","10.38","◯","0.81","51.97"
"261A","日水コン","東S","2019","+17.0(+0.85%)","0.85","21,959","1.39","1.57","5.27","1.09","22.08","◯","1.22","55.19"
"2637","ＧＸ　クリーンテック","東ETF","2639.0","+15.0(+0.57%)","0.57","5,485","0.55","0.74","35.06","2.10","46.63","◯","0.34","71.92"
"2664","カワチ薬品","東P","3780","+50.0(+1.34%)","1.34","75,006","1.48","1.53","35.48","0.35","25.95","◯","1.02","62.10"
"268A","リガク・ＨＬＤＧ","東P","1758","+90.0(+5.40%)","5.40","6,490,786","7.22","7.30","52.60","1.84","78.12","◯","2.00","64.17"
"2693","ＹＫＴ","東S","291","+5.0(+1.75%)","1.75","7,977","1.68","2.02","27.07","0.09","52.05","◯","0.78","65.22"
"272A","グリーンクロスＨＬＤＧ","福","1363","-4.0(-0.29%)","-0.29","677","-0.04","0.03","7.07","0.05","16.12","◯","0.04","44.74"
"277A","グロービング","東P","1884","+12.0(+0.64%)","0.64","101,165","0.73","1.05","21.39","0.69","49.90","◯","0.48","57.60"
"2910","ロック・フィールド","東P","1407","+1.0(+0.07%)","0.07","40,870","-0.41","-0.35","15.90","0.51","15.08","◯","-0.32","49.13"
"2922","なとり","東P","2009","+2.0(+0.10%)","0.10","17,657","0.50","0.57","8.71","0.37","11.84","◯","0.76","54.76"
"2924","イフジ産業","東S","1941","+0.0(+0.00%)","0.00","2,528","0.57","0.85","8.86","0.76","15.93","◯","1.29","61.03"
"2972","サンケイリアルエステート投資","東REIT","125000","+17,800.0(+16.60%)","16.60","3,313,865","14.30","15.98","22.19","10.09","36.21","◯","3.71","87.45"
"2993","長栄","東S","2222","-33.0(-1.46%)","-1.46","1,341","-0.49","-0.32","9.40","0.33","16.30","◯","-0.34","44.12"
"3034","クオールＨＬＤＧ","東P","2426","-22.0(-0.90%)","-0.90","258,546","1.50","1.97","44.32","0.54","44.13","◯","0.39","65.38"
"3035","ケイティケイ","東S","785","+6.0(+0.77%)","0.77","9,830","1.47","1.82","22.66","2.16","20.68","◯","1.67","60.71"
"303A","ｖｉｓｕｍｏ","東G","613","+1.0(+0.16%)","0.16","1,036","3.27","3.66","13.73","0.13","27.35","◯","1.58","58.72"
"3091","ブロンコビリー","東P","2850","+51.0(+1.82%)","1.82","130,362","1.37","1.42","32.81","0.75","28.62","◯","0.90","57.59"
"3110","日東紡績","東P","3125","+145.0(+4.87%)","4.87","8,958,778","3.68","3.94","24.01","0.84","89.09","◯","1.14","56.67"
"3157","ジオリーブグループ","東S","1456","+0.0(+0.00%)","0.00","1,895","0.96","0.98","9.06","0.14","19.57","◯","0.95","52.94"
"3205","ダイドーリミテッド","東S","747","+0.0(+0.00%)","0.00","42,459","0.81","1.07","13.18","0.55","15.95","◯","0.91","63.83"
"324A","ブッキングリゾート","東G","737","+7.0(+0.96%)","0.96","3,326","0.44","1.01","15.70","0.30","25.18","◯","0.47","58.78"
"3299","ムゲンエステート","東S","1747","+17.0(+0.98%)","0.98","136,573","1.53","1.64","7.77","0.72","29.72","◯","1.47","56.18"
"3300","アンビション　ＤＸ　ＨＬＤＧ","東G","1887","+10.0(+0.53%)","0.53","49,131","0.33","0.52","5.13","0.78","33.96","◯","0.18","70.50"
"3377","バイク王＆カンパニー","東S","390","-1.0(-0.26%)","-0.26","2,198","-0.05","0.13","8.94","0.61","13.26","◯","0.10","61.29"
"3386","コスモ・バイオ","東S","1260","+17.0(+1.37%)","1.37","5,778","0.82","0.84","5.26","1.05","16.06","◯","1.76","55.70"
"3407","旭化成","東P","1653.0","+7.5(+0.46%)","0.46","3,544,360","1.82","2.34","16.82","0.36","30.47","◯","1.06","49.78"
"3422","Ｊ−ＭＡＸ","東S","628","+0.0(+0.00%)","0.00","7,474","1.78","2.12","59.80","0.31","56.09","◯","1.15","61.54"
"3529","アツギ","東S","1178","+164.0(+16.17%)","16.17","225,842","11.30","13.43","45.61","15.91","51.98","◯","3.52","79.05"
"3682","エンカレッジ・テクノロジ","東S","592","+6.0(+1.02%)","1.02","2,768","1.02","1.15","6.67","2.47","19.56","◯","0.98","59.46"
"3710","ジョルダン","東S","645","-2.0(-0.31%)","-0.31","7,443","0.19","0.32","12.96","1.72","15.54","◯","0.51","51.22"
"3760","ケイブ","東S","730","+8.0(+1.11%)","1.11","5,917","1.56","1.85","23.52","0.72","32.27","◯","1.04","60.61"
"3791","ＩＧポート","東S","1108","+19.0(+1.74%)","1.74","32,152","3.07","3.47","19.14","0.70","61.76","◯","1.02","73.72"
"3946","トーモク","東P","4525","-40.0(-0.88%)","-0.88","259,331","1.00","1.19","38.17","0.60","22.68","◯","0.36","62.39"
"4012","アクシス","東S","1785","+49.0(+2.82%)","2.82","111,051","2.53","3.09","25.97","12.19","21.18","◯","2.32","59.52"
"4060","ｒａｋｕｍｏ","東G","1210","+15.0(+1.26%)","1.26","1,450","0.62","0.77","21.00","0.48","24.35","◯","0.40","48.94"
"4116","大日精化工業","東P","1359","-4.0(-0.29%)","-0.29","91,119","1.09","1.26","38.53","0.37","30.17","◯","0.46","49.42"
"4205","日本ゼオン","東P","2432.0","-8.0(-0.33%)","-0.33","979,672","0.53","0.74","42.26","0.40","30.79","◯","0.28","42.43"
"4245","ダイキアクシス","東S","723","+5.0(+0.70%)","0.70","8,241","0.86","1.16","12.09","0.83","16.69","◯","1.05","57.47"
"4386","ＳＩＧグループ","東S","898","-2.0(-0.22%)","-0.22","6,418","0.22","0.55","11.83","1.61","16.75","◯","0.45","52.87"
"4414","フレクト","東G","1124","-1.0(-0.09%)","-0.09","13,844","0.86","0.93","18.32","0.96","51.87","◯","0.22","62.50"
"4463","日華化学","東S","2006","+1.0(+0.05%)","0.05","6,209","0.36","0.43","33.73","0.44","37.17","◯","0.22","44.88"
"4486","ユナイトアンドグロウ","東G","689","-2.0(-0.29%)","-0.29","2,624","0.44","0.54","11.67","0.42","21.67","◯","0.27","57.29"
"4531","有機合成薬品工業","東S","365","+2.0(+0.55%)","0.55","10,266","1.05","1.40","13.35","1.42","25.22","◯","0.91","53.49"
"4539","日本ケミファ","東S","1595","+22.0(+1.40%)","1.40","7,935","1.55","1.65","5.63","4.17","24.69","◯","1.72","58.90"
"4553","東和薬品","東P","3700","-10.0(-0.27%)","-0.27","166,836","-0.59","-0.43","14.20","0.51","33.49","◯","-0.10","53.57"
"4598","Ｄｅｌｔａ―Ｆｌｙ　Ｐｈａｒｍ","東G","117","+0.0(+0.00%)","0.00","28,485","1.92","2.24","27.17","0.95","111.39","◯","0.24","56.00"
"4612","日本ペイントＨＬＤＧ","東P","1196.0","+16.5(+1.40%)","1.40","2,442,041","2.27","3.08","25.89","0.42","29.58","◯","1.02","62.43"
"4617","中国塗料","東P","3620","+40.0(+1.12%)","1.12","344,862","1.46","1.98","25.09","0.64","36.53","◯","1.08","60.15"
"4736","日本ラッド","東S","593","+4.0(+0.68%)","0.68","1,121","1.33","1.33","10.02","0.54","29.63","◯","1.78","61.40"
"4809","パラカ","東P","2040","+0.0(+0.00%)","0.00","45,617","0.22","0.22","6.75","1.32","12.25","◯","0.22","55.56"
"4918","アイビー化粧品","東S","302","+2.0(+0.67%)","0.67","3,392","0.80","1.22","21.77","0.84","42.82","◯","1.43","59.09"
"4927","ポーラ・オルビスＨＬＤＧ","東P","1383.5","-6.5(-0.47%)","-0.47","343,310","0.27","0.53","12.21","0.52","22.49","◯","0.34","52.56"
"4971","メック","東P","6680","-50.0(-0.74%)","-0.74","2,540,355","2.27","3.29","36.61","1.02","77.51","◯","0.74","60.61"
"5028","セカンドサイトアナリティカ","東G","358","+2.0(+0.56%)","0.56","2,447","0.06","0.08","12.58","2.09","37.39","◯","0.07","54.76"
"504A","イノバセル","東G","606","+27.0(+4.66%)","4.66","43,883","5.87","6.43","60.74","0.50","97.36","◯","1.80","60.10"
"5122","オカモト","東P","6320","-80.0(-1.25%)","-1.25","93,732","0.16","0.26","21.54","0.76","27.48","◯","0.11","51.06"
"5161","西川ゴム工業","東S","3610","-15.0(-0.41%)","-0.41","243,505","0.59","0.66","24.44","0.68","23.42","◯","0.23","49.04"
"5185","フコク","東P","2048","+8.0(+0.39%)","0.39","156,634","1.28","1.44","19.63","1.44","18.47","◯","0.73","57.22"
"5254","Ａｒｅｎｔ","東G","4155","+45.0(+1.09%)","1.09","29,368","1.17","1.32","44.57","1.37","44.56","◯","0.47","66.46"
"541A","ＯｎｅＴＯＰＩＸ高配当グロース","東ETF","1121.0","-1.5(-0.13%)","-0.13","360","-0.28","-0.04","15.90","0.02","21.66","◯","-0.02","49.22"
"552A","ＭＡＸＩＳ米国ＡＩインフラ株","東ETF","2459.0","-9.0(-0.36%)","-0.36","1,966","1.53","2.10","19.89","0.13","36.52","◯","1.00","59.00"
"5575","Ｇｌｏｂｅｅ","東G","1244","+58.0(+4.89%)","4.89","12,316","5.66","5.72","113.75","2.46","86.78","◯","1.01","63.08"
"5589","オートサーバー","東S","2945","+16.0(+0.55%)","0.55","2,937","1.15","1.37","17.75","0.91","16.56","◯","0.78","49.39"
"5621","ヒューマンテクノロジーズ","東G","1614","-2.0(-0.12%)","-0.12","35,529","0.71","0.82","27.79","0.82","35.77","◯","0.27","51.35"
"5631","日本製鋼所","東P","7348.0","+29.0(+0.40%)","0.40","2,968,390","-0.62","-0.20","9.77","0.71","45.22","◯","-0.06","51.26"
"563A","ＧＸ　ＮＡＳＤＡＱ１００Ｄ","東ETF","1059.0","-4.0(-0.38%)","-0.38","320,033","1.53","2.36","7.08","0.33","19.40","◯","1.05","59.17"
"5697","サンユウ","東S","822","-7.0(-0.84%)","-0.84","1,317","0.12","0.26","26.66","0.80","19.55","◯","0.28","48.04"
"5802","住友電気工業","東P","2218.5","+7.5(+0.34%)","0.34","15,469,047","3.06","3.32","13.13","0.48","63.77","◯","0.98","57.54"
"5851","リョービ","東P","2754","-15.0(-0.54%)","-0.54","215,602","0.05","0.22","16.74","0.53","23.86","◯","0.11","47.67"
"5932","三協立山","東P","662","-2.0(-0.30%)","-0.30","20,737","0.15","0.28","10.33","0.31","18.16","◯","0.17","66.67"
"5949","ユニプレス","東P","1336","-6.0(-0.45%)","-0.45","204,156","0.19","0.31","12.27","1.23","25.67","◯","0.16","41.33"
"5970","ジーテクト","東P","2312","+8.0(+0.35%)","0.35","151,740","0.90","1.24","30.40","0.40","21.53","◯","0.45","53.52"
"5989","エイチワン","東P","1502","-3.0(-0.20%)","-0.20","127,329","0.17","0.27","31.29","0.85","35.52","◯","0.10","44.33"
"6086","シンメンテＨＬＤＧ","東G","1023","-5.0(-0.49%)","-0.49","9,343","-0.54","-0.43","6.34","0.39","22.84","◯","-0.28","54.55"
"6125","岡本工作機械製作所","東S","4915","+110.0(+2.29%)","2.29","78,339","3.47","4.22","33.20","0.93","60.41","◯","1.59","61.29"
"6171","土木管理総合試験所","東S","373","-1.0(-0.27%)","-0.27","1,452","0.00","0.05","0.81","0.20","12.84","◯","0.18","50.00"
"6193","バーチャレクスＨＬＤＧ","東G","1208","+12.0(+1.00%)","1.00","18,147","1.44","1.78","31.88","0.92","20.63","◯","0.68","44.68"
"6217","津田駒工業","東S","808","+1.0(+0.12%)","0.12","12,991","0.52","1.38","83.22","0.54","77.71","◯","0.33","56.59"
"6226","守谷輸送機工業","東S","2223","-6.0(-0.27%)","-0.27","107,260","-0.23","0.10","22.34","0.45","54.68","◯","0.03","62.04"
"6239","ナガオカ","東S","1476","+16.0(+1.10%)","1.10","14,606","2.17","2.65","16.22","3.27","32.00","◯","1.16","41.23"
"6262","ＰＥＧＡＳＵＳ","東S","537","+6.0(+1.13%)","1.13","24,748","1.05","1.21","7.40","0.99","21.42","◯","0.65","63.64"
"6278","ユニオンツール","東P","14490","+170.0(+1.19%)","1.19","2,008,330","4.56","5.46","75.00","0.71","86.11","◯","1.07","60.47"
"6294","オカダアイヨン","東P","1974","+8.0(+0.41%)","0.41","21,690","0.54","0.55","3.08","0.90","13.39","◯","0.87","55.29"
"6306","日工","東P","1028","+8.0(+0.78%)","0.78","108,304","1.26","1.62","34.73","1.06","18.57","◯","0.86","64.21"
"6328","荏原実業","東P","2402","+20.0(+0.84%)","0.84","107,665","0.76","0.84","14.38","0.70","35.09","◯","0.49","51.13"
"6338","タカトリ","東S","1680","-10.0(-0.59%)","-0.59","11,674","0.90","1.22","34.08","1.30","35.40","◯","0.68","56.97"
"6365","電業社機械製作所","東S","5750","+60.0(+1.05%)","1.05","6,289","2.17","2.23","16.99","0.48","17.73","◯","1.65","62.75"
"6367","ダイキン工業","東P","20950.0","+90.0(+0.43%)","0.43","9,819,439","0.75","0.85","20.54","0.47","21.30","◯","1.05","53.12"
"6376","日機装","東P","3670","+20.0(+0.55%)","0.55","1,835,314","3.97","4.30","129.95","1.06","68.77","◯","0.89","55.45"
"6420","ガリレイＨＬＤＧ","東P","3560","+50.0(+1.42%)","1.42","161,835","1.34","1.60","10.39","0.66","17.13","◯","1.15","53.85"
"6448","ブラザー工業","東P","4713.0","-19.0(-0.40%)","-0.40","2,243,522","0.88","1.12","67.72","0.40","32.76","◯","0.29","42.03"
"6464","ツバキ・ナカシマ","東P","345","+1.0(+0.29%)","0.29","38,684","0.58","0.62","22.78","0.47","52.38","◯","0.32","49.35"
"6469","放電精密加工研究所","東S","2903","-42.0(-1.43%)","-1.43","61,992","0.97","1.77","27.60","0.80","68.64","◯","0.48","58.15"
"6471","日本精工","東P","1104.0","+4.0(+0.36%)","0.36","1,133,954","1.07","1.12","13.14","0.56","33.69","◯","0.45","48.04"
"6485","前澤給装工業","東S","1677","-1.0(-0.06%)","-0.06","80,583","0.74","1.05","23.31","1.23","15.81","◯","0.51","52.11"
"6490","ＰＩＬＬＡＲ","東P","10760","+410.0(+3.96%)","3.96","1,165,881","8.34","11.18","126.05","0.82","67.77","◯","2.27","67.14"
"6504","富士電機","東P","13835.0","+220.0(+1.62%)","1.62","5,578,279","3.59","3.69","39.75","0.45","48.69","◯","0.95","64.12"
"6508","明電舎","東P","11620","+160.0(+1.40%)","1.40","1,517,448","4.10","4.83","105.30","0.53","61.26","◯","1.04","64.69"
"6517","デンヨー","東P","4110","+0.0(+0.00%)","0.00","105,148","0.76","1.43","23.42","0.57","34.45","◯","0.76","60.42"
"6521","オキサイド","東G","3270","+10.0(+0.31%)","0.31","319,358","0.96","2.09","110.29","1.79","63.12","◯","0.52","61.54"
"6564","ミダックＨＬＤＧ","東P","1992","-17.0(-0.85%)","-0.85","60,261","-1.18","-1.10","11.47","0.64","36.83","◯","-0.41","58.28"
"6614","シキノハイテック","東S","871","+1.0(+0.11%)","0.11","1,308","0.62","0.70","31.37","0.26","47.53","◯","0.65","51.09"
"6616","トレックス・セミコンダクター","東P","1975","+27.0(+1.39%)","1.39","94,624","3.22","3.77","38.02","0.43","57.09","◯","1.03","58.01"
"6617","東光高岳","東P","7200","+250.0(+3.60%)","3.60","428,386","3.27","4.40","82.28","1.13","61.59","◯","1.26","62.26"
"6623","愛知電機","名P","9060","+80.0(+0.89%)","0.89","36,270","1.98","2.29","32.65","1.18","22.35","◯","1.63","59.55"
"6643","戸上電機製作所","東S","5700","+20.0(+0.35%)","0.35","6,256","0.39","0.78","30.88","0.69","38.49","◯","0.36","47.24"
"6728","アルバック","東P","7603.0","-7.0(-0.09%)","-0.09","1,863,276","2.89","4.06","14.31","0.51","69.49","◯","1.15","62.10"
"6754","アンリツ","東P","3449.0","+49.0(+1.44%)","1.44","3,489,986","4.37","5.38","66.06","0.85","53.28","◯","1.51","66.03"
"6814","古野電気","東P","7660","-50.0(-0.65%)","-0.65","1,014,572","0.45","1.40","40.04","0.49","55.26","◯","0.45","53.47"
"6822","大井電気","東S","5000","-50.0(-0.99%)","-0.99","21,626","-0.06","0.01","35.14","4.78","32.93","◯","0.01","43.52"
"6823","リオン","東P","3435","+80.0(+2.38%)","2.38","164,564","3.43","4.26","29.62","1.04","25.26","◯","2.10","66.67"
"6846","中央製作所","名M","1420","-5.0(-0.35%)","-0.35","285","0.71","0.86","16.20","1.00","29.31","◯","0.41","42.21"
"6888","アクモス","東S","503","+3.0(+0.60%)","0.60","3,511","0.44","0.50","8.87","0.38","11.39","◯","1.18","60.87"
"6954","ファナック","東P","5971.0","-14.0(-0.23%)","-0.23","12,335,198","0.78","0.90","13.69","0.44","53.68","◯","0.42","58.96"
"7060","ギークス","東S","601","-10.0(-1.64%)","-1.64","8,156","0.70","1.22","23.16","0.37","20.13","◯","0.81","52.78"
"7102","日本車輌製造","東P","3700","+5.0(+0.14%)","0.14","137,410","1.18","1.61","21.71","0.93","34.55","◯","0.73","60.00"
"7182","ゆうちょ銀行","東P","3435.0","+86.0(+2.57%)","2.57","16,469,756","3.88","4.40","53.49","0.61","32.69","◯","1.67","51.28"
"7222","日産車体","東S","935","+0.0(+0.00%)","0.00","33,835","0.24","0.24","5.41","0.59","21.87","◯","0.12","59.52"
"7240","ＮＯＫ","東P","3035.0","-21.0(-0.69%)","-0.69","922,245","0.25","0.48","11.75","0.68","24.18","◯","0.34","47.11"
"7414","小野建","東P","1443","+6.0(+0.42%)","0.42","81,763","0.32","0.34","11.95","1.05","14.42","◯","0.25","46.67"
"7435","ナ・デックス","東S","1408","+67.0(+5.00%)","5.00","67,132","5.61","7.23","53.21","3.66","34.63","◯","2.17","66.11"
"7443","横浜魚類","東S","670","+1.0(+0.15%)","0.15","870","0.51","0.61","10.02","0.62","15.01","◯","0.76","44.26"
"7486","サンリン","東S","853","+43.0(+5.31%)","5.31","12,269","5.02","5.39","19.47","11.83","22.12","◯","3.47","64.63"
"7525","リックス","東P","3665","+30.0(+0.83%)","0.83","33,213","1.24","1.35","10.23","0.83","13.23","◯","0.89","60.66"
"7590","タカショー","東S","467","+70.0(+17.63%)","17.63","994,649","13.90","16.44","24.53","73.48","35.08","◯","4.59","85.15"
"7607","進和","東P","3080","+15.0(+0.49%)","0.49","47,653","0.52","0.53","7.96","0.53","18.50","◯","0.28","55.91"
"7637","白銅","東P","3695","+5.0(+0.14%)","0.14","86,121","1.23","1.37","60.58","0.70","40.01","◯","0.39","49.69"
"7701","島津製作所","東P","4031.0","-3.0(-0.07%)","-0.07","1,904,786","1.61","2.01","18.98","0.55","23.78","◯","0.58","61.89"
"7729","東京精密","東P","17880.0","+205.0(+1.16%)","1.16","3,934,542","3.41","4.03","58.23","0.68","65.10","◯","1.10","61.16"
"7735","ＳＣＲＥＥＮ　ＨＬＤＧ","東P","14155.0","+415.0(+3.02%)","3.02","28,265,201","6.72","8.05","64.78","1.01","75.85","◯","2.09","62.61"
"7751","キヤノン","東P","4605.0","-8.0(-0.17%)","-0.17","5,613,259","0.90","1.19","15.50","0.46","25.74","◯","0.45","46.38"
"7807","幸和製作所","東S","877","-3.0(-0.34%)","-0.34","1,587","1.25","1.42","10.59","1.38","20.85","◯","0.97","53.76"
"7841","遠藤製作所","東S","1094","+0.0(+0.00%)","0.00","5,045","0.44","0.46","5.19","1.18","10.66","◯","0.35","58.11"
"7888","三光合成","東P","913","+17.0(+1.90%)","1.90","55,449","1.20","1.78","22.39","0.85","44.19","◯","0.92","55.94"
"7902","ソノコム","東S","1134","+4.0(+0.35%)","0.35","564","1.65","1.95","22.59","0.71","27.96","◯","1.25","54.08"
"7942","ＪＳＰ","東P","3045","+10.0(+0.33%)","0.33","252,222","0.91","1.06","35.39","1.17","30.97","◯","0.30","50.41"
"7943","ニチハ","東P","3040","+0.0(+0.00%)","0.00","87,447","-0.43","-0.27","9.12","0.46","23.84","◯","-0.15","45.19"
"7979","松風","東P","2307","+5.0(+0.22%)","0.22","109,734","1.18","1.20","42.41","0.74","27.57","◯","0.49","51.62"
"7990","グローブライド","東P","2474","+15.0(+0.61%)","0.61","173,303","1.01","1.26","22.05","0.85","34.54","◯","0.58","61.22"
"8035","東京エレクトロン","東P","57180.0","+660.0(+1.17%)","1.17","157,295,913","5.23","5.85","60.08","0.76","59.75","◯","1.69","62.36"
"8093","極東貿易","東P","1824","+3.0(+0.16%)","0.16","38,235","0.37","0.77","8.90","0.68","13.41","◯","0.50","61.90"
"8166","タカキュー","東S","79","+1.0(+1.28%)","1.28","1,191","0.77","0.77","3.95","0.57","13.37","◯","1.22","60.00"
"8308","りそなＨＬＤＧ","東P","2572.5","+32.5(+1.28%)","1.28","14,029,837","3.21","3.78","69.86","0.62","35.78","◯","1.50","51.83"
"8316","三井住友ＦＧ","東P","7018.0","+99.0(+1.43%)","1.43","65,080,930","2.23","2.31","42.44","0.63","29.20","◯","1.04","47.22"
"8331","千葉銀行","東P","2864.0","+29.5(+1.04%)","1.04","4,626,158","2.82","3.11","62.36","0.48","31.39","◯","1.66","51.86"
"8559","豊和銀行","福","506","+9.0(+1.81%)","1.81","7,776","2.51","2.90","12.44","1.09","12.92","◯","2.62","60.71"
"8935","ＦＪネクストＨＬＤＧ","東P","2025","+0.0(+0.00%)","0.00","71,188","0.93","1.01","41.61","0.46","21.87","◯","0.53","52.02"
"9202","ＡＮＡ　ＨＬＤＧ","東P","3031.0","-14.0(-0.46%)","-0.46","5,343,162","0.57","0.82","17.39","0.85","22.08","◯","0.59","57.63"
"9265","ヤマシタヘルスケアＨＬＤＧ","東S","3730","-60.0(-1.58%)","-1.58","4,159","0.84","1.34","29.07","0.10","30.63","◯","0.78","60.71"
"9388","パパネッツ","福Q","918","+2.0(+0.22%)","0.22","1,390","0.64","0.78","12.64","0.94","45.51","◯","0.67","51.16"
"9539","京葉瓦斯","東S","1356","-8.0(-0.59%)","-0.59","1,645","-0.28","-0.13","16.10","0.27","20.86","◯","-0.12","52.44"
"9622","スペース","東P","1440","-12.0(-0.83%)","-0.83","206,387","-0.11","0.21","4.80","2.11","14.56","◯","0.13","55.47"
"9643","中日本興業","名M","11170","+10.0(+0.09%)","0.09","5,583","0.59","0.80","3.52","1.00","8.85","◯","2.33","66.67"
"9685","ＫＹＣＯＭ　ＨＬＤＧ","東S","585","+18.0(+3.17%)","3.17","2,429","2.13","2.29","11.43","2.47","16.00","◯","1.59","54.79"
"9837","モリト","東P","1830","-6.0(-0.33%)","-0.33","95,370","0.88","1.30","8.09","0.73","17.74","◯","1.00","59.38"
"9857","英和","東S","2649","+1.0(+0.04%)","0.04","3,441","1.04","1.25","11.77","1.18","15.83","◯","1.30","56.52"
"9876","コックス","東S","222","+1.0(+0.45%)","0.45","7,387","0.82","0.93","5.71","2.88","20.79","◯","0.77","47.83"
"9896","ＪＫ　ＨＬＤＧ","東S","1432","-1.0(-0.07%)","-0.07","30,773","0.65","1.05","14.65","0.51","23.49","◯","0.62","42.57"
"9903","カンセキ","東S","904","-1.0(-0.11%)","-0.11","541","0.87","1.01","7.62","0.13","23.14","◯","1.27","53.62"